<?xml version="1.0"?>
 <!DOCTYPE Configure PUBLIC "-//Mort Bay Consulting//DTD Configure//EN" "http://jetty.mortbay.org/configure.dtd">
 
 <Configure class="org.eclipse.jetty.webapp.WebAppContext">


	<New id="jdbc/veebimaailm"  class="org.eclipse.jetty.plus.jndi.Resource">
	 <Arg></Arg>
	 <Arg>jdbc/veebimaailm</Arg>
	 <Arg>
	   <New class="com.mysql.jdbc.jdbc2.optional.MysqlConnectionPoolDataSource">
		 <Set  name="Url">jdbc:mysql://localhost:3306/veebimaailm</Set>
		 <Set  name="User">veebimaailmAdmin</Set>
		 <Set  name="Password">3Qnsk0ZBhtXSHzQwdkDp</Set>
	   </New>
	 </Arg>
	 <Call name="bindToENC">
		<Arg>jdbc/veebimaailm</Arg>
	</Call>
	</New>
</Configure>	
